YEAR_PRD,MONTH_PRD,SECTOR,SUBSECTOR,QTY
1986,JAN,Electricity,EGAT,251
1986,JAN,GSP,GSP,75
1986,JAN,Industry,Industry,13
1986,FEB,Electricity,EGAT,235
1986,FEB,GSP,GSP,74
1986,FEB,Industry,Industry,12
1986,MAR,Electricity,EGAT,255
1986,MAR,GSP,GSP,82
1986,MAR,Industry,Industry,19
1986,APR,Electricity,EGAT,237
1986,APR,GSP,GSP,79
1986,APR,Industry,Industry,16
1986,MAY,Electricity,EGAT,254
1986,MAY,GSP,GSP,76
1986,MAY,Industry,Industry,11
1986,JUN,Electricity,EGAT,248
1986,JUN,GSP,GSP,61
1986,JUN,Industry,Industry,13
1986,JUL,Electricity,EGAT,232
1986,JUL,GSP,GSP,65
1986,JUL,Industry,Industry,6
1986,AUG,Electricity,EGAT,227
1986,AUG,GSP,GSP,65
1986,AUG,Industry,Industry,6
1986,SEP,Electricity,EGAT,216
1986,SEP,GSP,GSP,63
1986,SEP,Industry,Industry,4
1986,OCT,Electricity,EGAT,252
1986,OCT,GSP,GSP,75
1986,OCT,Industry,Industry,4
1986,NOV,Electricity,EGAT,269
1986,NOV,GSP,GSP,60
1986,NOV,Industry,Industry,6
1986,DEC,Electricity,EGAT,271
1986,DEC,GSP,GSP,77
1986,DEC,Industry,Industry,7
1987,JAN,Electricity,EGAT,283
1987,JAN,GSP,GSP,80
1987,JAN,Industry,Industry,6
1987,FEB,Electricity,EGAT,317
1987,FEB,GSP,GSP,80
1987,FEB,Industry,Industry,4
1987,MAR,Electricity,EGAT,331
1987,MAR,GSP,GSP,79
1987,MAR,Industry,Industry,5
1987,APR,Electricity,EGAT,336
1987,APR,GSP,GSP,68
1987,APR,Industry,Industry,4
1987,MAY,Electricity,EGAT,371
1987,MAY,GSP,GSP,48
1987,MAY,Industry,Industry,5
1987,JUN,Electricity,EGAT,434
1987,JUN,GSP,GSP,77
1987,JUN,Industry,Industry,4
1987,JUL,Electricity,EGAT,402
1987,JUL,GSP,GSP,78
1987,JUL,Industry,Industry,4
1987,AUG,Electricity,EGAT,392
1987,AUG,GSP,GSP,78
1987,AUG,Industry,Industry,4
1987,SEP,Electricity,EGAT,441
1987,SEP,GSP,GSP,79
1987,SEP,Industry,Industry,3
1987,OCT,Electricity,EGAT,431
1987,OCT,GSP,GSP,46
1987,OCT,Industry,Industry,5
1987,NOV,Electricity,EGAT,432
1987,NOV,GSP,GSP,35
1987,NOV,Industry,Industry,5
1987,DEC,Electricity,EGAT,377
1987,DEC,GSP,GSP,79
1987,DEC,Industry,Industry,5
1988,JAN,Electricity,EGAT,425
1988,JAN,GSP,GSP,77
1988,JAN,Industry,Industry,4
1988,FEB,Electricity,EGAT,446
1988,FEB,GSP,GSP,77
1988,FEB,Industry,Industry,6
1988,MAR,Electricity,EGAT,435
1988,MAR,GSP,GSP,78
1988,MAR,Industry,Industry,7
1988,APR,Electricity,EGAT,435
1988,APR,GSP,GSP,74
1988,APR,Industry,Industry,7
1988,MAY,Electricity,EGAT,449
1988,MAY,GSP,GSP,79
1988,MAY,Industry,Industry,7
1988,JUN,Electricity,EGAT,470
1988,JUN,GSP,GSP,77
1988,JUN,Industry,Industry,7
1988,JUL,Electricity,EGAT,447
1988,JUL,GSP,GSP,78
1988,JUL,Industry,Industry,7
1988,AUG,Electricity,EGAT,471
1988,AUG,GSP,GSP,69
1988,AUG,Industry,Industry,6
1988,SEP,Electricity,EGAT,469
1988,SEP,GSP,GSP,65
1988,SEP,Industry,Industry,8
1988,OCT,Electricity,EGAT,468
1988,OCT,GSP,GSP,72
1988,OCT,Industry,Industry,9
1988,NOV,Electricity,EGAT,460
1988,NOV,GSP,GSP,58
1988,NOV,Industry,Industry,7
1988,DEC,Electricity,EGAT,447
1988,DEC,GSP,GSP,81
1988,DEC,Industry,Industry,9
1989,JAN,Electricity,EGAT,447
1989,JAN,GSP,GSP,81
1989,JAN,Industry,Industry,9
1989,FEB,Electricity,EGAT,437
1989,FEB,GSP,GSP,74
1989,FEB,Industry,Industry,11
1989,MAR,Electricity,EGAT,441
1989,MAR,GSP,GSP,79
1989,MAR,Industry,Industry,11
1989,APR,Electricity,EGAT,452
1989,APR,GSP,GSP,80
1989,APR,Industry,Industry,8
1989,MAY,Electricity,EGAT,477
1989,MAY,GSP,GSP,23
1989,MAY,Industry,Industry,8
1989,JUN,Electricity,EGAT,494
1989,JUN,GSP,GSP,20
1989,JUN,Industry,Industry,9
1989,JUL,Electricity,EGAT,498
1989,JUL,GSP,GSP,4
1989,JUL,Industry,Industry,9
1989,AUG,Electricity,EGAT,467
1989,AUG,GSP,GSP,36
1989,AUG,Industry,Industry,9
1989,SEP,Electricity,EGAT,489
1989,SEP,Industry,Industry,9
1989,OCT,Electricity,EGAT,485
1989,OCT,GSP,GSP,25
1989,OCT,Industry,Industry,9
1989,NOV,Electricity,EGAT,429
1989,NOV,GSP,GSP,85
1989,NOV,Industry,Industry,11
1989,DEC,Electricity,EGAT,439
1989,DEC,GSP,GSP,99
1989,DEC,Industry,Industry,12
1990,JAN,Electricity,EGAT,434
1990,JAN,GSP,GSP,85
1990,JAN,Industry,Industry,14
1990,FEB,Electricity,EGAT,440
1990,FEB,GSP,GSP,88
1990,FEB,Industry,Industry,14
1990,MAR,Electricity,EGAT,448
1990,MAR,GSP,GSP,86
1990,MAR,Industry,Industry,14
1990,APR,Electricity,EGAT,445
1990,APR,GSP,GSP,89
1990,APR,Industry,Industry,14
1990,MAY,Electricity,EGAT,459
1990,MAY,GSP,GSP,71
1990,MAY,Industry,Industry,15
1990,JUN,Electricity,EGAT,443
1990,JUN,GSP,GSP,95
1990,JUN,Industry,Industry,16
1990,JUL,Electricity,EGAT,436
1990,JUL,GSP,GSP,99
1990,JUL,Industry,Industry,15
1990,AUG,Electricity,EGAT,445
1990,AUG,GSP,GSP,102
1990,AUG,Industry,Industry,17
1990,SEP,Electricity,EGAT,469
1990,SEP,GSP,GSP,105
1990,SEP,Industry,Industry,19
1990,OCT,Electricity,EGAT,449
1990,OCT,GSP,GSP,117
1990,OCT,Industry,Industry,19
1990,NOV,Electricity,EGAT,493
1990,NOV,GSP,GSP,114
1990,NOV,Industry,Industry,20
1990,DEC,Electricity,EGAT,468
1990,DEC,GSP,GSP,113
1990,DEC,Industry,Industry,32
1991,JAN,Electricity,EGAT,508
1991,JAN,GSP,GSP,114
1991,JAN,Industry,Industry,34
1991,FEB,Electricity,EGAT,535
1991,FEB,GSP,GSP,114
1991,FEB,Industry,Industry,30
1991,MAR,Electricity,EGAT,614
1991,MAR,GSP,GSP,99
1991,MAR,Industry,Industry,21
1991,APR,Electricity,EGAT,597
1991,APR,GSP,GSP,80
1991,APR,Industry,Industry,20
1991,MAY,Electricity,EGAT,634
1991,MAY,GSP,GSP,61
1991,MAY,Industry,Industry,19
1991,JUN,Electricity,EGAT,651
1991,JUN,GSP,GSP,18
1991,JUN,Industry,Industry,21
1991,JUL,Electricity,EGAT,599
1991,JUL,GSP,GSP,108
1991,JUL,Industry,Industry,22
1991,AUG,Electricity,EGAT,597
1991,AUG,GSP,GSP,120
1991,AUG,Industry,Industry,24
1991,SEP,Electricity,EGAT,585
1991,SEP,GSP,GSP,111
1991,SEP,Industry,Industry,24
1991,OCT,Electricity,EGAT,553
1991,OCT,GSP,GSP,116
1991,OCT,Industry,Industry,24
1991,NOV,Electricity,EGAT,560
1991,NOV,GSP,GSP,116
1991,NOV,Industry,Industry,25
1991,DEC,Electricity,EGAT,521
1991,DEC,GSP,GSP,123
1991,DEC,Industry,Industry,27
1992,JAN,Electricity,EGAT,525
1992,JAN,GSP,GSP,117
1992,JAN,Industry,Industry,26
1992,FEB,Electricity,EGAT,542
1992,FEB,GSP,GSP,101
1992,FEB,Industry,Industry,31
1992,MAR,Electricity,EGAT,536
1992,MAR,GSP,GSP,103
1992,MAR,Industry,Industry,33
1992,APR,Electricity,EGAT,591
1992,APR,GSP,GSP,114
1992,APR,Industry,Industry,31
1992,MAY,Electricity,EGAT,617
1992,MAY,GSP,GSP,94
1992,MAY,Industry,Industry,33
1992,JUN,Electricity,EGAT,608
1992,JUN,GSP,GSP,115
1992,JUN,Industry,Industry,36
1992,JUL,Electricity,EGAT,617
1992,JUL,GSP,GSP,118
1992,JUL,Industry,Industry,34
1992,AUG,Electricity,EGAT,655
1992,AUG,GSP,GSP,118
1992,AUG,Industry,Industry,34
1992,SEP,Electricity,EGAT,682
1992,SEP,GSP,GSP,122
1992,SEP,Industry,Industry,34
1992,OCT,Electricity,EGAT,642
1992,OCT,GSP,GSP,107
1992,OCT,Industry,Industry,37
1992,NOV,Electricity,EGAT,659
1992,NOV,GSP,GSP,126
1992,NOV,Industry,Industry,38
1992,DEC,Electricity,EGAT,667
1992,DEC,GSP,GSP,126
1992,DEC,Industry,Industry,37
1993,JAN,Electricity,EGAT,657
1993,JAN,GSP,GSP,126
1993,JAN,Industry,Industry,37
1993,FEB,Electricity,EGAT,722
1993,FEB,GSP,GSP,121
1993,FEB,Industry,Industry,39
1993,MAR,Electricity,EGAT,712
1993,MAR,GSP,GSP,110
1993,MAR,Industry,Industry,39
1993,APR,Electricity,EGAT,709
1993,APR,GSP,GSP,122
1993,APR,Industry,Industry,38
1993,MAY,Electricity,EGAT,706
1993,MAY,GSP,GSP,128
1993,MAY,Industry,Industry,41
1993,JUN,Electricity,EGAT,717
1993,JUN,GSP,GSP,127
1993,JUN,Industry,Industry,44
1993,JUL,Electricity,EGAT,690
1993,JUL,GSP,GSP,125
1993,JUL,Industry,Industry,42
1993,AUG,Electricity,EGAT,642
1993,AUG,GSP,GSP,142
1993,AUG,Industry,Industry,43
1993,SEP,Electricity,EGAT,705
1993,SEP,GSP,GSP,133
1993,SEP,Industry,Industry,35
1993,OCT,Electricity,EGAT,696
1993,OCT,GSP,GSP,129
1993,OCT,Industry,Industry,40
1993,NOV,Electricity,EGAT,686
1993,NOV,GSP,GSP,134
1993,NOV,Industry,Industry,51
1993,DEC,Electricity,EGAT,682
1993,DEC,GSP,GSP,134
1993,DEC,Industry,Industry,42
1994,JAN,Electricity,EGAT,692
1994,JAN,GSP,GSP,130
1994,JAN,Industry,Industry,41
1994,FEB,Electricity,EGAT,737
1994,FEB,GSP,GSP,128
1994,FEB,Industry,Industry,47
1994,MAR,Electricity,EGAT,793
1994,MAR,GSP,GSP,32
1994,MAR,Industry,Industry,50
1994,APR,Electricity,EGAT,750
1994,APR,GSP,GSP,116
1994,APR,Industry,Industry,44
1994,MAY,Electricity,EGAT,734
1994,MAY,GSP,GSP,118
1994,MAY,Industry,Industry,51
1994,JUN,Electricity,EGAT,791
1994,JUN,GSP,GSP,107
1994,JUN,Industry,Industry,55
1994,JUL,Electricity,EGAT,815
1994,JUL,GSP,GSP,131
1994,JUL,Industry,Industry,52
1994,AUG,Electricity,EGAT,820
1994,AUG,GSP,GSP,132
1994,AUG,Industry,Industry,58
1994,SEP,Electricity,EGAT,805
1994,SEP,GSP,GSP,131
1994,SEP,Industry,Industry,59
1994,OCT,Electricity,EGAT,819
1994,OCT,GSP,GSP,127
1994,OCT,Industry,Industry,53
1994,NOV,Electricity,EGAT,828
1994,NOV,GSP,GSP,130
1994,NOV,Industry,Industry,71
1994,DEC,Electricity,EGAT,814
1994,DEC,GSP,GSP,129
1994,DEC,Industry,Industry,65
1995,JAN,Electricity,EGAT,800
1995,JAN,GSP,GSP,129
1995,JAN,Industry,Industry,68
1995,FEB,Electricity,EGAT,805
1995,FEB,GSP,GSP,127
1995,FEB,Industry,Industry,67
1995,MAR,Electricity,EGAT,813
1995,MAR,GSP,GSP,125
1995,MAR,Industry,Industry,70
1995,APR,Electricity,EGAT,778
1995,APR,GSP,GSP,122
1995,APR,Industry,Industry,61
1995,MAY,Electricity,EGAT,774
1995,MAY,GSP,GSP,121
1995,MAY,Industry,Industry,71
1995,JUN,Electricity,EGAT,781
1995,JUN,GSP,GSP,112
1995,JUN,Industry,Industry,68
1995,JUL,Electricity,EGAT,819
1995,JUL,GSP,GSP,88
1995,JUL,Industry,Industry,63
1995,AUG,Electricity,EGAT,849
1995,AUG,GSP,GSP,95
1995,AUG,Industry,Industry,65
1995,SEP,Electricity,EGAT,812
1995,SEP,GSP,GSP,96
1995,SEP,Industry,Industry,79
1995,OCT,Electricity,EGAT,809
1995,OCT,GSP,GSP,113
1995,OCT,Industry,Industry,82
1995,NOV,Electricity,EGAT,799
1995,NOV,GSP,GSP,123
1995,NOV,Industry,Industry,94
1995,DEC,Electricity,EGAT,774
1995,DEC,GSP,GSP,123
1995,DEC,Industry,Industry,86
1996,JAN,Electricity,EGAT,762
1996,JAN,Electricity,SPP,43
1996,JAN,GSP,GSP,130
1996,JAN,Industry,Industry,63
1996,FEB,Electricity,EGAT,743
1996,FEB,Electricity,SPP,42
1996,FEB,GSP,GSP,128
1996,FEB,Industry,Industry,76
1996,MAR,Electricity,EGAT,772
1996,MAR,Electricity,SPP,43
1996,MAR,GSP,GSP,65
1996,MAR,Industry,Industry,62
1996,APR,Electricity,EGAT,816
1996,APR,Electricity,SPP,50
1996,APR,GSP,GSP,122
1996,APR,Industry,Industry,78
1996,MAY,Electricity,EGAT,868
1996,MAY,Electricity,SPP,52
1996,MAY,GSP,GSP,121
1996,MAY,Industry,Industry,95
1996,JUN,Electricity,EGAT,897
1996,JUN,Electricity,SPP,54
1996,JUN,GSP,GSP,126
1996,JUN,Industry,Industry,90
1996,JUL,Electricity,EGAT,920
1996,JUL,Electricity,SPP,57
1996,JUL,GSP,GSP,131
1996,JUL,Industry,Industry,80
1996,AUG,Electricity,EGAT,881
1996,AUG,Electricity,SPP,60
1996,AUG,GSP,GSP,121
1996,AUG,Industry,Industry,77
1996,SEP,Electricity,EGAT,932
1996,SEP,Electricity,SPP,62
1996,SEP,GSP,GSP,130
1996,SEP,Industry,Industry,85
1996,OCT,Electricity,EGAT,1036
1996,OCT,Electricity,SPP,80
1996,OCT,GSP,GSP,131
1996,OCT,Industry,Industry,74
1996,NOV,Electricity,EGAT,1038
1996,NOV,Electricity,SPP,85
1996,NOV,GSP,GSP,133
1996,NOV,Industry,Industry,82
1996,DEC,Electricity,EGAT,984
1996,DEC,Electricity,SPP,89
1996,DEC,GSP,GSP,132
1996,DEC,Industry,Industry,74
1997,JAN,Electricity,EGAT,1027
1997,JAN,Electricity,SPP,75
1997,JAN,GSP,GSP,134
1997,JAN,Industry,Industry,98
1997,FEB,Electricity,EGAT,1075
1997,FEB,Electricity,SPP,73
1997,FEB,GSP,GSP,146
1997,FEB,Industry,Industry,106
1997,MAR,Electricity,EGAT,1072
1997,MAR,Electricity,SPP,76
1997,MAR,GSP,GSP,151
1997,MAR,Industry,Industry,91
1997,APR,Electricity,EGAT,1070
1997,APR,Electricity,SPP,82
1997,APR,GSP,GSP,123
1997,APR,Industry,Industry,90
1997,MAY,Electricity,EGAT,1145
1997,MAY,Electricity,SPP,84
1997,MAY,GSP,GSP,78
1997,MAY,Industry,Industry,80
1997,JUN,Electricity,EGAT,1168
1997,JUN,Electricity,SPP,80
1997,JUN,GSP,GSP,167
1997,JUN,Industry,Industry,97
1997,JUL,Electricity,EGAT,1157
1997,JUL,Electricity,SPP,76
1997,JUL,GSP,GSP,155
1997,JUL,Industry,Industry,98
1997,AUG,Electricity,EGAT,1149
1997,AUG,Electricity,SPP,77
1997,AUG,GSP,GSP,169
1997,AUG,Industry,Industry,100
1997,SEP,Electricity,EGAT,1124
1997,SEP,Electricity,SPP,90
1997,SEP,GSP,GSP,150
1997,SEP,Industry,Industry,103
1997,OCT,Electricity,EGAT,1143
1997,OCT,Electricity,SPP,90
1997,OCT,GSP,GSP,160
1997,OCT,Industry,Industry,95
1997,NOV,Electricity,EGAT,1154
1997,NOV,Electricity,SPP,90
1997,NOV,GSP,GSP,162
1997,NOV,Industry,Industry,103
1997,DEC,Electricity,EGAT,1139
1997,DEC,Electricity,SPP,102
1997,DEC,GSP,GSP,158
1997,DEC,Industry,Industry,97
1998,JAN,Electricity,EGAT,1097
1998,JAN,Electricity,SPP,104
1998,JAN,GSP,GSP,163
1998,JAN,Industry,Industry,80
1998,FEB,Electricity,EGAT,1156
1998,FEB,Electricity,SPP,117
1998,FEB,GSP,GSP,157
1998,FEB,Industry,Industry,93
1998,MAR,Electricity,EGAT,1195
1998,MAR,Electricity,SPP,99
1998,MAR,GSP,GSP,155
1998,MAR,Industry,Industry,86
1998,APR,Electricity,EGAT,985
1998,APR,Electricity,SPP,122
1998,APR,GSP,GSP,145
1998,APR,Industry,Industry,94
1998,MAY,Electricity,EGAT,1125
1998,MAY,Electricity,SPP,138
1998,MAY,GSP,GSP,151
1998,MAY,Industry,Industry,90
1998,JUN,Electricity,EGAT,1147
1998,JUN,Electricity,SPP,143
1998,JUN,GSP,GSP,156
1998,JUN,Industry,Industry,94
1998,JUL,Electricity,EGAT,1138
1998,JUL,Electricity,SPP,143
1998,JUL,GSP,GSP,147
1998,JUL,Industry,Industry,74
1998,AUG,Electricity,EGAT,1187
1998,AUG,Electricity,SPP,138
1998,AUG,GSP,GSP,152
1998,AUG,Industry,Industry,83
1998,SEP,Electricity,EGAT,1190
1998,SEP,Electricity,SPP,154
1998,SEP,GSP,GSP,159
1998,SEP,Industry,Industry,95
1998,OCT,Electricity,EGAT,1247
1998,OCT,Electricity,SPP,157
1998,OCT,GSP,GSP,172
1998,OCT,Industry,Industry,94
1998,NOV,Electricity,EGAT,1232
1998,NOV,Electricity,SPP,179
1998,NOV,GSP,GSP,173
1998,NOV,Industry,Industry,95
1998,DEC,Electricity,EGAT,1123
1998,DEC,Electricity,SPP,180
1998,DEC,GSP,GSP,172
1998,DEC,Industry,Industry,124
1999,JAN,Electricity,EGAT,1106
1999,JAN,Electricity,SPP,194
1999,JAN,GSP,GSP,166
1999,JAN,Industry,Industry,106
1999,FEB,Electricity,EGAT,1130
1999,FEB,Electricity,SPP,193
1999,FEB,GSP,GSP,128
1999,FEB,Industry,Industry,98
1999,MAR,Electricity,EGAT,1215
1999,MAR,Electricity,SPP,228
1999,MAR,GSP,GSP,123
1999,MAR,Industry,Industry,113
1999,APR,Electricity,EGAT,1144
1999,APR,Electricity,SPP,246
1999,APR,GSP,GSP,168
1999,APR,Industry,Industry,96
1999,MAY,Electricity,EGAT,1127
1999,MAY,Electricity,SPP,286
1999,MAY,GSP,GSP,176
1999,MAY,Industry,Industry,101
1999,JUN,Electricity,EGAT,1178
1999,JUN,Electricity,SPP,294
1999,JUN,GSP,GSP,178
1999,JUN,Industry,Industry,130
1999,JUL,Electricity,EGAT,1131
1999,JUL,Electricity,SPP,285
1999,JUL,GSP,GSP,174
1999,JUL,Industry,Industry,126
1999,AUG,Electricity,EGAT,1132
1999,AUG,Electricity,SPP,299
1999,AUG,GSP,GSP,174
1999,AUG,Industry,Industry,133
1999,SEP,Electricity,EGAT,1168
1999,SEP,Electricity,SPP,305
1999,SEP,GSP,GSP,181
1999,SEP,Industry,Industry,143
1999,OCT,Electricity,EGAT,1205
1999,OCT,Electricity,IPP,7
1999,OCT,Electricity,SPP,300
1999,OCT,GSP,GSP,180
1999,OCT,Industry,Industry,142
1999,NOV,Electricity,EGAT,1215
1999,NOV,Electricity,IPP,4
1999,NOV,Electricity,SPP,289
1999,NOV,GSP,GSP,180
1999,NOV,Industry,Industry,141
1999,DEC,Electricity,EGAT,1087
1999,DEC,Electricity,IPP,18
1999,DEC,Electricity,SPP,281
1999,DEC,GSP,GSP,174
1999,DEC,Industry,Industry,147
2000,JAN,Electricity,EGAT,1179
2000,JAN,Electricity,IPP,36
2000,JAN,Electricity,SPP,284
2000,JAN,GSP,GSP,178
2000,JAN,Industry,Industry,132
2000,FEB,Electricity,EGAT,1225
2000,FEB,Electricity,IPP,9
2000,FEB,Electricity,SPP,295
2000,FEB,GSP,GSP,171
2000,FEB,Industry,Industry,160
2000,MAR,Electricity,EGAT,1209
2000,MAR,Electricity,IPP,7
2000,MAR,Electricity,SPP,303
2000,MAR,GSP,GSP,173
2000,MAR,Industry,Industry,140
2000,APR,Electricity,EGAT,1098
2000,APR,Electricity,IPP,16
2000,APR,Electricity,SPP,283
2000,APR,GSP,GSP,177
2000,APR,Industry,Industry,156
2000,MAY,Electricity,EGAT,1295
2000,MAY,Electricity,IPP,41
2000,MAY,Electricity,SPP,296
2000,MAY,GSP,GSP,181
2000,MAY,Industry,Industry,161
2000,JUN,Electricity,EGAT,1320
2000,JUN,Electricity,IPP,60
2000,JUN,Electricity,SPP,301
2000,JUN,GSP,GSP,179
2000,JUN,Industry,Industry,180
2000,JUL,Electricity,EGAT,1294
2000,JUL,Electricity,IPP,93
2000,JUL,Electricity,SPP,289
2000,JUL,GSP,GSP,178
2000,JUL,Industry,Industry,186
2000,AUG,Electricity,EGAT,1199
2000,AUG,Electricity,IPP,165
2000,AUG,Electricity,SPP,309
2000,AUG,GSP,GSP,116
2000,AUG,Industry,Industry,177
2000,SEP,Electricity,EGAT,1230
2000,SEP,Electricity,IPP,132
2000,SEP,Electricity,SPP,308
2000,SEP,GSP,GSP,175
2000,SEP,Industry,Industry,199
2000,OCT,Electricity,EGAT,1273
2000,OCT,Electricity,IPP,129
2000,OCT,Electricity,SPP,337
2000,OCT,GSP,GSP,192
2000,OCT,Industry,Industry,205
2000,NOV,Electricity,EGAT,1262
2000,NOV,Electricity,IPP,81
2000,NOV,Electricity,SPP,337
2000,NOV,GSP,GSP,193
2000,NOV,Industry,Industry,264
2000,DEC,Electricity,EGAT,1342
2000,DEC,Electricity,IPP,80
2000,DEC,Electricity,SPP,318
2000,DEC,GSP,GSP,189
2000,DEC,Industry,Industry,214
2001,JAN,Electricity,EGAT,960
2001,JAN,Electricity,IPP,316
2001,JAN,Electricity,SPP,332
2001,JAN,GSP,GSP,319
2001,JAN,Industry,Industry,164
2001,FEB,Electricity,EGAT,1002
2001,FEB,Electricity,IPP,368
2001,FEB,Electricity,SPP,339
2001,FEB,GSP,GSP,323
2001,FEB,Industry,Industry,155
2001,MAR,Electricity,EGAT,1072
2001,MAR,Electricity,IPP,381
2001,MAR,Electricity,SPP,342
2001,MAR,GSP,GSP,329
2001,MAR,Industry,Industry,169
2001,APR,Electricity,EGAT,1191
2001,APR,Electricity,IPP,409
2001,APR,Electricity,SPP,330
2001,APR,GSP,GSP,332
2001,APR,Industry,Industry,168
2001,MAY,Electricity,EGAT,1212
2001,MAY,Electricity,IPP,334
2001,MAY,Electricity,SPP,334
2001,MAY,GSP,GSP,349
2001,MAY,Industry,Industry,178
2001,JUN,Electricity,EGAT,1239
2001,JUN,Electricity,IPP,302
2001,JUN,Electricity,SPP,341
2001,JUN,GSP,GSP,341
2001,JUN,Industry,Industry,178
2001,JUL,Electricity,EGAT,1112
2001,JUL,Electricity,IPP,410
2001,JUL,Electricity,SPP,333
2001,JUL,GSP,GSP,350
2001,JUL,Industry,Industry,182
2001,AUG,Electricity,EGAT,1093
2001,AUG,Electricity,IPP,345
2001,AUG,Electricity,SPP,365
2001,AUG,GSP,GSP,322
2001,AUG,Industry,Industry,194
2001,SEP,Electricity,EGAT,1028
2001,SEP,Electricity,IPP,398
2001,SEP,Electricity,SPP,369
2001,SEP,GSP,GSP,341
2001,SEP,Industry,Industry,179
2001,OCT,Electricity,EGAT,1054
2001,OCT,Electricity,IPP,374
2001,OCT,Electricity,SPP,374
2001,OCT,GSP,GSP,370
2001,OCT,Industry,Industry,201
2001,NOV,Electricity,EGAT,1026
2001,NOV,Electricity,IPP,284
2001,NOV,Electricity,SPP,368
2001,NOV,GSP,GSP,348
2001,NOV,Industry,Industry,193
2001,DEC,Electricity,EGAT,843
2001,DEC,Electricity,IPP,395
2001,DEC,Electricity,SPP,364
2001,DEC,GSP,GSP,355
2001,DEC,Industry,Industry,159
2002,JAN,Electricity,EGAT,957
2002,JAN,Electricity,IPP,370
2002,JAN,Electricity,SPP,359
2002,JAN,GSP,GSP,306
2002,JAN,Industry,Industry,187
2002,FEB,Electricity,EGAT,1171
2002,FEB,Electricity,IPP,312
2002,FEB,Electricity,SPP,359
2002,FEB,GSP,GSP,341
2002,FEB,Industry,Industry,192
2002,MAR,Electricity,EGAT,1300
2002,MAR,Electricity,IPP,299
2002,MAR,Electricity,SPP,374
2002,MAR,GSP,GSP,359
2002,MAR,Industry,Industry,161
2002,APR,Electricity,EGAT,1144
2002,APR,Electricity,IPP,380
2002,APR,Electricity,SPP,361
2002,APR,GSP,GSP,359
2002,APR,Industry,Industry,202
2002,MAY,Electricity,EGAT,1070
2002,MAY,Electricity,IPP,577
2002,MAY,Electricity,SPP,369
2002,MAY,GSP,GSP,339
2002,MAY,Industry,Industry,203
2002,JUN,Electricity,EGAT,1092
2002,JUN,Electricity,IPP,608
2002,JUN,Electricity,SPP,384
2002,JUN,GSP,GSP,349
2002,JUN,Industry,Industry,201
2002,JUL,Electricity,EGAT,1064
2002,JUL,Electricity,IPP,642
2002,JUL,Electricity,SPP,381
2002,JUL,GSP,GSP,357
2002,JUL,Industry,Industry,216
2002,AUG,Electricity,EGAT,1098
2002,AUG,Electricity,IPP,574
2002,AUG,Electricity,SPP,387
2002,AUG,GSP,GSP,360
2002,AUG,Industry,Industry,208
2002,SEP,Electricity,EGAT,1157
2002,SEP,Electricity,IPP,418
2002,SEP,Electricity,SPP,381
2002,SEP,GSP,GSP,365
2002,SEP,Industry,Industry,209
2002,OCT,Electricity,EGAT,1081
2002,OCT,Electricity,IPP,475
2002,OCT,Electricity,SPP,384
2002,OCT,GSP,GSP,433
2002,OCT,Industry,Industry,214
2002,NOV,Electricity,EGAT,907
2002,NOV,Electricity,IPP,572
2002,NOV,Electricity,SPP,385
2002,NOV,GSP,GSP,378
2002,NOV,Industry,Industry,201
2002,DEC,Electricity,EGAT,871
2002,DEC,Electricity,IPP,591
2002,DEC,Electricity,SPP,371
2002,DEC,GSP,GSP,380
2002,DEC,Industry,Industry,188
2003,JAN,Electricity,EGAT,889
2003,JAN,Electricity,IPP,483
2003,JAN,Electricity,SPP,392
2003,JAN,GSP,GSP,384
2003,JAN,Industry,Industry,222
2003,FEB,Electricity,EGAT,914
2003,FEB,Electricity,IPP,609
2003,FEB,Electricity,SPP,388
2003,FEB,GSP,GSP,397
2003,FEB,Industry,Industry,212
2003,MAR,Electricity,EGAT,1030
2003,MAR,Electricity,IPP,661
2003,MAR,Electricity,SPP,410
2003,MAR,GSP,GSP,380
2003,MAR,Industry,Industry,203
2003,APR,Electricity,EGAT,1077
2003,APR,Electricity,IPP,651
2003,APR,Electricity,SPP,392
2003,APR,GSP,GSP,379
2003,APR,Industry,Industry,217
2003,MAY,Electricity,EGAT,1129
2003,MAY,Electricity,IPP,639
2003,MAY,Electricity,SPP,393
2003,MAY,GSP,GSP,349
2003,MAY,Industry,Industry,200
2003,JUN,Electricity,EGAT,1046
2003,JUN,Electricity,IPP,657
2003,JUN,Electricity,SPP,391
2003,JUN,GSP,GSP,382
2003,JUN,Industry,Industry,219
2003,JUL,Electricity,EGAT,950
2003,JUL,Electricity,IPP,762
2003,JUL,Electricity,SPP,405
2003,JUL,GSP,GSP,385
2003,JUL,Industry,Industry,220
2003,AUG,Electricity,EGAT,999
2003,AUG,Electricity,IPP,730
2003,AUG,Electricity,SPP,404
2003,AUG,GSP,GSP,368
2003,AUG,Industry,Industry,203
2003,SEP,Electricity,EGAT,984
2003,SEP,Electricity,IPP,730
2003,SEP,Electricity,SPP,417
2003,SEP,GSP,GSP,398
2003,SEP,Industry,Industry,239
2003,OCT,Electricity,EGAT,1021
2003,OCT,Electricity,IPP,752
2003,OCT,Electricity,SPP,411
2003,OCT,GSP,GSP,399
2003,OCT,Industry,Industry,231
2003,NOV,Electricity,EGAT,980
2003,NOV,Electricity,IPP,687
2003,NOV,Electricity,SPP,412
2003,NOV,GSP,GSP,397
2003,NOV,Industry,Industry,207
2003,DEC,Electricity,EGAT,873
2003,DEC,Electricity,IPP,582
2003,DEC,Electricity,SPP,395
2003,DEC,GSP,GSP,401
2003,DEC,Industry,Industry,233
2004,JAN,Electricity,EGAT,841
2004,JAN,Electricity,IPP,561
2004,JAN,Electricity,SPP,398
2004,JAN,GSP,GSP,383
2004,JAN,Industry,Industry,231
2004,FEB,Electricity,EGAT,936
2004,FEB,Electricity,IPP,586
2004,FEB,Electricity,SPP,415
2004,FEB,GSP,GSP,406
2004,FEB,Industry,Industry,239
2004,MAR,Electricity,EGAT,1011
2004,MAR,Electricity,IPP,752
2004,MAR,Electricity,SPP,410
2004,MAR,GSP,GSP,384
2004,MAR,Industry,Industry,246
2004,APR,Electricity,EGAT,984
2004,APR,Electricity,IPP,729
2004,APR,Electricity,SPP,408
2004,APR,GSP,GSP,397
2004,APR,Industry,Industry,236
2004,APR,NGV,NGV,2
2004,MAY,Electricity,EGAT,998
2004,MAY,Electricity,IPP,766
2004,MAY,Electricity,SPP,423
2004,MAY,GSP,GSP,365
2004,MAY,Industry,Industry,245
2004,MAY,NGV,NGV,2
2004,JUN,Electricity,EGAT,1021
2004,JUN,Electricity,IPP,731
2004,JUN,Electricity,SPP,425
2004,JUN,GSP,GSP,367
2004,JUN,Industry,Industry,253
2004,JUN,NGV,NGV,3
2004,JUL,Electricity,EGAT,997
2004,JUL,Electricity,IPP,781
2004,JUL,Electricity,SPP,429
2004,JUL,GSP,GSP,364
2004,JUL,Industry,Industry,241
2004,JUL,NGV,NGV,3
2004,AUG,Electricity,EGAT,996
2004,AUG,Electricity,IPP,768
2004,AUG,Electricity,SPP,427
2004,AUG,GSP,GSP,375
2004,AUG,Industry,Industry,253
2004,AUG,NGV,NGV,4
2004,SEP,Electricity,EGAT,1058
2004,SEP,Electricity,IPP,769
2004,SEP,Electricity,SPP,422
2004,SEP,GSP,GSP,401
2004,SEP,Industry,Industry,261
2004,SEP,NGV,NGV,5
2004,OCT,Electricity,EGAT,1068
2004,OCT,Electricity,IPP,798
2004,OCT,Electricity,SPP,431
2004,OCT,GSP,GSP,412
2004,OCT,Industry,Industry,255
2004,OCT,NGV,NGV,5
2004,NOV,Electricity,EGAT,1066
2004,NOV,Electricity,IPP,762
2004,NOV,Electricity,SPP,422
2004,NOV,GSP,GSP,399
2004,NOV,Industry,Industry,271
2004,NOV,NGV,NGV,6
2004,DEC,Electricity,EGAT,951
2004,DEC,Electricity,IPP,667
2004,DEC,Electricity,SPP,400
2004,DEC,GSP,GSP,413
2004,DEC,Industry,Industry,248
2004,DEC,NGV,NGV,5
2005,JAN,Electricity,EGAT,916
2005,JAN,Electricity,IPP,769
2005,JAN,Electricity,SPP,401
2005,JAN,GSP,GSP,484
2005,JAN,Industry,Industry,270
2005,JAN,NGV,NGV,6
2005,FEB,Electricity,EGAT,993
2005,FEB,Electricity,IPP,878
2005,FEB,Electricity,SPP,417
2005,FEB,GSP,GSP,468
2005,FEB,Industry,Industry,249
2005,FEB,NGV,NGV,6
2005,MAR,Electricity,EGAT,1064
2005,MAR,Electricity,IPP,817
2005,MAR,Electricity,SPP,430
2005,MAR,GSP,GSP,485
2005,MAR,Industry,Industry,258
2005,MAR,NGV,NGV,7
2005,APR,Electricity,EGAT,946
2005,APR,Electricity,IPP,831
2005,APR,Electricity,SPP,401
2005,APR,GSP,GSP,438
2005,APR,Industry,Industry,234
2005,APR,NGV,NGV,6
2005,MAY,Electricity,EGAT,1146
2005,MAY,Electricity,IPP,842
2005,MAY,Electricity,SPP,431
2005,MAY,GSP,GSP,422
2005,MAY,Industry,Industry,248
2005,MAY,NGV,NGV,6
2005,JUN,Electricity,EGAT,1021
2005,JUN,Electricity,IPP,843
2005,JUN,Electricity,SPP,447
2005,JUN,GSP,GSP,523
2005,JUN,Industry,Industry,248
2005,JUN,NGV,NGV,6
2005,JUL,Electricity,EGAT,1010
2005,JUL,Electricity,IPP,811
2005,JUL,Electricity,SPP,434
2005,JUL,GSP,GSP,534
2005,JUL,Industry,Industry,244
2005,JUL,NGV,NGV,6
2005,AUG,Electricity,EGAT,1049
2005,AUG,Electricity,IPP,820
2005,AUG,Electricity,SPP,437
2005,AUG,GSP,GSP,513
2005,AUG,Industry,Industry,275
2005,AUG,NGV,NGV,7
2005,SEP,Electricity,EGAT,1094
2005,SEP,Electricity,IPP,730
2005,SEP,Electricity,SPP,449
2005,SEP,GSP,GSP,495
2005,SEP,Industry,Industry,273
2005,SEP,NGV,NGV,7
2005,OCT,Electricity,EGAT,955
2005,OCT,Electricity,IPP,817
2005,OCT,Electricity,SPP,441
2005,OCT,GSP,GSP,493
2005,OCT,Industry,Industry,263
2005,OCT,NGV,NGV,7
2005,NOV,Electricity,EGAT,1015
2005,NOV,Electricity,IPP,805
2005,NOV,Electricity,SPP,435
2005,NOV,GSP,GSP,514
2005,NOV,Industry,Industry,277
2005,NOV,NGV,NGV,8
2005,DEC,Electricity,EGAT,925
2005,DEC,Electricity,IPP,668
2005,DEC,Electricity,SPP,418
2005,DEC,GSP,GSP,522
2005,DEC,Industry,Industry,257
2005,DEC,NGV,NGV,7
2006,JAN,Electricity,EGAT,851
2006,JAN,Electricity,IPP,785
2006,JAN,Electricity,SPP,413
2006,JAN,GSP,GSP,514
2006,JAN,Industry,Industry,274
2006,JAN,NGV,NGV,9
2006,FEB,Electricity,EGAT,949
2006,FEB,Electricity,IPP,819
2006,FEB,Electricity,SPP,404
2006,FEB,GSP,GSP,573
2006,FEB,Industry,Industry,275
2006,FEB,NGV,NGV,8
2006,MAR,Electricity,EGAT,1153
2006,MAR,Electricity,IPP,829
2006,MAR,Electricity,SPP,413
2006,MAR,GSP,GSP,496
2006,MAR,Industry,Industry,281
2006,MAR,NGV,NGV,9
2006,APR,Electricity,EGAT,1016
2006,APR,Electricity,IPP,786
2006,APR,Electricity,SPP,406
2006,APR,GSP,GSP,515
2006,APR,Industry,Industry,262
2006,APR,NGV,NGV,8
2006,MAY,Electricity,EGAT,1149
2006,MAY,Electricity,IPP,831
2006,MAY,Electricity,SPP,393
2006,MAY,GSP,GSP,493
2006,MAY,Industry,Industry,297
2006,MAY,NGV,NGV,10
2006,JUN,Electricity,EGAT,1116
2006,JUN,Electricity,IPP,790
2006,JUN,Electricity,SPP,436
2006,JUN,GSP,GSP,512
2006,JUN,Industry,Industry,289
2006,JUN,NGV,NGV,10
2006,JUL,Electricity,EGAT,1052
2006,JUL,Electricity,IPP,844
2006,JUL,Electricity,SPP,417
2006,JUL,GSP,GSP,508
2006,JUL,Industry,Industry,285
2006,JUL,NGV,NGV,10
2006,AUG,Electricity,EGAT,945
2006,AUG,Electricity,IPP,923
2006,AUG,Electricity,SPP,426
2006,AUG,GSP,GSP,545
2006,AUG,Industry,Industry,301
2006,AUG,NGV,NGV,13
2006,SEP,Electricity,EGAT,993
2006,SEP,Electricity,IPP,866
2006,SEP,Electricity,SPP,437
2006,SEP,GSP,GSP,549
2006,SEP,Industry,Industry,292
2006,SEP,NGV,NGV,12
2006,OCT,Electricity,EGAT,1008
2006,OCT,Electricity,IPP,811
2006,OCT,Electricity,SPP,426
2006,OCT,GSP,GSP,530
2006,OCT,Industry,Industry,307
2006,OCT,NGV,NGV,14
2006,NOV,Electricity,EGAT,1031
2006,NOV,Electricity,IPP,858
2006,NOV,Electricity,SPP,416
2006,NOV,GSP,GSP,542
2006,NOV,Industry,Industry,321
2006,NOV,NGV,NGV,14
2006,DEC,Electricity,EGAT,922
2006,DEC,Electricity,IPP,751
2006,DEC,Electricity,SPP,415
2006,DEC,GSP,GSP,549
2006,DEC,Industry,Industry,303
2006,DEC,NGV,NGV,13
2007,JAN,Electricity,EGAT,888
2007,JAN,Electricity,IPP,787
2007,JAN,Electricity,SPP,430
2007,JAN,GSP,GSP,596
2007,JAN,Industry,Industry,362
2007,JAN,NGV,NGV,14
2007,FEB,Electricity,EGAT,969
2007,FEB,Electricity,IPP,822
2007,FEB,Electricity,SPP,443
2007,FEB,GSP,GSP,485
2007,FEB,Industry,Industry,354
2007,FEB,NGV,NGV,16
2007,MAR,Electricity,EGAT,1232
2007,MAR,Electricity,IPP,818
2007,MAR,Electricity,SPP,450
2007,MAR,GSP,GSP,492
2007,MAR,Industry,Industry,327
2007,MAR,NGV,NGV,18
2007,APR,Electricity,EGAT,1137
2007,APR,Electricity,IPP,756
2007,APR,Electricity,SPP,423
2007,APR,GSP,GSP,490
2007,APR,Industry,Industry,334
2007,APR,NGV,NGV,19
2007,MAY,Electricity,EGAT,1179
2007,MAY,Electricity,IPP,818
2007,MAY,Electricity,SPP,448
2007,MAY,GSP,GSP,580
2007,MAY,Industry,Industry,348
2007,MAY,NGV,NGV,19
2007,JUN,Electricity,EGAT,1188
2007,JUN,Electricity,IPP,862
2007,JUN,Electricity,SPP,472
2007,JUN,GSP,GSP,535
2007,JUN,Industry,Industry,333
2007,JUN,NGV,NGV,21
2007,JUL,Electricity,EGAT,1069
2007,JUL,Electricity,IPP,895
2007,JUL,Electricity,SPP,450
2007,JUL,GSP,GSP,558
2007,JUL,Industry,Industry,325
2007,JUL,NGV,NGV,22
2007,AUG,Electricity,EGAT,1102
2007,AUG,Electricity,IPP,863
2007,AUG,Electricity,SPP,441
2007,AUG,GSP,GSP,630
2007,AUG,Industry,Industry,358
2007,AUG,NGV,NGV,25
2007,SEP,Electricity,EGAT,1064
2007,SEP,Electricity,IPP,880
2007,SEP,Electricity,SPP,450
2007,SEP,GSP,GSP,609
2007,SEP,Industry,Industry,338
2007,SEP,NGV,NGV,27
2007,OCT,Electricity,EGAT,982
2007,OCT,Electricity,IPP,917
2007,OCT,Electricity,SPP,451
2007,OCT,GSP,GSP,628
2007,OCT,Industry,Industry,371
2007,OCT,NGV,NGV,30
2007,NOV,Electricity,EGAT,933
2007,NOV,Electricity,IPP,912
2007,NOV,Electricity,SPP,450
2007,NOV,GSP,GSP,620
2007,NOV,Industry,Industry,367
2007,NOV,NGV,NGV,34
2007,DEC,Electricity,EGAT,897
2007,DEC,Electricity,IPP,835
2007,DEC,Electricity,SPP,428
2007,DEC,GSP,GSP,627
2007,DEC,Industry,Industry,350
2007,DEC,NGV,NGV,36
2008,JAN,Electricity,EGAT,905
2008,JAN,Electricity,IPP,878
2008,JAN,Electricity,SPP,446
2008,JAN,GSP,GSP,585
2008,JAN,Industry,Industry,365
2008,JAN,NGV,NGV,41
2008,FEB,Electricity,EGAT,917
2008,FEB,Electricity,IPP,967
2008,FEB,Electricity,SPP,452
2008,FEB,GSP,GSP,619
2008,FEB,Industry,Industry,377
2008,FEB,NGV,NGV,47
2008,MAR,Electricity,EGAT,914
2008,MAR,Electricity,IPP,1068
2008,MAR,Electricity,SPP,453
2008,MAR,GSP,GSP,594
2008,MAR,Industry,Industry,370
2008,MAR,NGV,NGV,52
2008,APR,Electricity,EGAT,1044
2008,APR,Electricity,IPP,839
2008,APR,Electricity,SPP,432
2008,APR,GSP,GSP,587
2008,APR,Industry,Industry,376
2008,APR,NGV,NGV,57
2008,MAY,Electricity,EGAT,1069
2008,MAY,Electricity,IPP,1079
2008,MAY,Electricity,SPP,444
2008,MAY,GSP,GSP,630
2008,MAY,Industry,Industry,374
2008,MAY,NGV,NGV,63
2008,JUN,Electricity,EGAT,1068
2008,JUN,Electricity,IPP,1085
2008,JUN,Electricity,SPP,437
2008,JUN,GSP,GSP,647
2008,JUN,Industry,Industry,357
2008,JUN,NGV,NGV,72
2008,JUL,Electricity,EGAT,1088
2008,JUL,Electricity,IPP,1084
2008,JUL,Electricity,SPP,452
2008,JUL,GSP,GSP,593
2008,JUL,Industry,Industry,392
2008,JUL,NGV,NGV,83
2008,AUG,Electricity,EGAT,1118
2008,AUG,Electricity,IPP,1052
2008,AUG,Electricity,SPP,450
2008,AUG,GSP,GSP,602
2008,AUG,Industry,Industry,366
2008,AUG,NGV,NGV,91
2008,SEP,Electricity,EGAT,1019
2008,SEP,Electricity,IPP,1035
2008,SEP,Electricity,SPP,456
2008,SEP,GSP,GSP,611
2008,SEP,Industry,Industry,383
2008,SEP,NGV,NGV,98
2008,OCT,Electricity,EGAT,1055
2008,OCT,Electricity,IPP,1013
2008,OCT,Electricity,SPP,449
2008,OCT,GSP,GSP,593
2008,OCT,Industry,Industry,340
2008,OCT,NGV,NGV,107
2008,NOV,Electricity,EGAT,995
2008,NOV,Electricity,IPP,874
2008,NOV,Electricity,SPP,421
2008,NOV,GSP,GSP,400
2008,NOV,Industry,Industry,317
2008,NOV,NGV,NGV,108
2008,DEC,Electricity,EGAT,978
2008,DEC,Electricity,IPP,638
2008,DEC,Electricity,SPP,398
2008,DEC,GSP,GSP,531
2008,DEC,Industry,Industry,315
2008,DEC,NGV,NGV,108
2009,JAN,Electricity,EGAT,913
2009,JAN,Electricity,IPP,529
2009,JAN,Electricity,SPP,412
2009,JAN,GSP,GSP,568
2009,JAN,Industry,Industry,341
2009,JAN,NGV,NGV,117
2009,FEB,Electricity,EGAT,1050
2009,FEB,Electricity,IPP,856
2009,FEB,Electricity,SPP,419
2009,FEB,GSP,GSP,599
2009,FEB,Industry,Industry,357
2009,FEB,NGV,NGV,133
2009,MAR,Electricity,EGAT,1197
2009,MAR,Electricity,IPP,850
2009,MAR,Electricity,SPP,426
2009,MAR,GSP,GSP,593
2009,MAR,Industry,Industry,374
2009,MAR,NGV,NGV,138
2009,APR,Electricity,EGAT,1149
2009,APR,Electricity,IPP,810
2009,APR,Electricity,SPP,404
2009,APR,GSP,GSP,597
2009,APR,Industry,Industry,363
2009,APR,NGV,NGV,126
2009,MAY,Electricity,EGAT,1193
2009,MAY,Electricity,IPP,883
2009,MAY,Electricity,SPP,435
2009,MAY,GSP,GSP,618
2009,MAY,Industry,Industry,373
2009,MAY,NGV,NGV,133
2009,JUN,Electricity,EGAT,1092
2009,JUN,Electricity,IPP,1027
2009,JUN,Electricity,SPP,447
2009,JUN,GSP,GSP,625
2009,JUN,Industry,Industry,403
2009,JUN,NGV,NGV,142
2009,JUL,Electricity,EGAT,1054
2009,JUL,Electricity,IPP,992
2009,JUL,Electricity,SPP,415
2009,JUL,GSP,GSP,622
2009,JUL,Industry,Industry,372
2009,JUL,NGV,NGV,143
2009,AUG,Electricity,EGAT,1056
2009,AUG,Electricity,IPP,1036
2009,AUG,Electricity,SPP,438
2009,AUG,GSP,GSP,587
2009,AUG,Industry,Industry,376
2009,AUG,NGV,NGV,150
2009,SEP,Electricity,EGAT,1100
2009,SEP,Electricity,IPP,1073
2009,SEP,Electricity,SPP,444
2009,SEP,GSP,GSP,605
2009,SEP,Industry,Industry,420
2009,SEP,NGV,NGV,151
2009,OCT,Electricity,EGAT,1109
2009,OCT,Electricity,IPP,1053
2009,OCT,Electricity,SPP,438
2009,OCT,GSP,GSP,574
2009,OCT,Industry,Industry,434
2009,OCT,NGV,NGV,154
2009,NOV,Electricity,EGAT,1163
2009,NOV,Electricity,IPP,949
2009,NOV,Electricity,SPP,442
2009,NOV,GSP,GSP,607
2009,NOV,Industry,Industry,432
2009,NOV,NGV,NGV,159
2009,DEC,Electricity,EGAT,1137
2009,DEC,Electricity,IPP,804
2009,DEC,Electricity,SPP,428
2009,DEC,GSP,GSP,592
2009,DEC,Industry,Industry,397
2009,DEC,NGV,NGV,167
2010,JAN,Electricity,EGAT,1043
2010,JAN,Electricity,IPP,919
2010,JAN,Electricity,SPP,434
2010,JAN,GSP,GSP,597
2010,JAN,Industry,Industry,428
2010,JAN,NGV,NGV,154
2010,FEB,Electricity,EGAT,1196
2010,FEB,Electricity,IPP,1087
2010,FEB,Electricity,SPP,435
2010,FEB,GSP,GSP,520
2010,FEB,Industry,Industry,473
2010,FEB,NGV,NGV,171
2010,MAR,Electricity,EGAT,1491
2010,MAR,Electricity,IPP,761
2010,MAR,Electricity,SPP,434
2010,MAR,GSP,GSP,573
2010,MAR,Industry,Industry,499
2010,MAR,NGV,NGV,176
2010,APR,Electricity,EGAT,1264
2010,APR,Electricity,IPP,1027
2010,APR,Electricity,SPP,444
2010,APR,GSP,GSP,563
2010,APR,Industry,Industry,450
2010,APR,NGV,NGV,165
2010,MAY,Electricity,EGAT,1377
2010,MAY,Electricity,IPP,1070
2010,MAY,Electricity,SPP,445
2010,MAY,GSP,GSP,552
2010,MAY,Industry,Industry,464
2010,MAY,NGV,NGV,167
2010,JUN,Electricity,EGAT,1459
2010,JUN,Electricity,IPP,1053
2010,JUN,Electricity,SPP,434
2010,JUN,GSP,GSP,552
2010,JUN,Industry,Industry,488
2010,JUN,NGV,NGV,181
2010,JUL,Electricity,EGAT,1356
2010,JUL,Electricity,IPP,996
2010,JUL,Electricity,SPP,416
2010,JUL,GSP,GSP,673
2010,JUL,Industry,Industry,472
2010,JUL,NGV,NGV,179
2010,AUG,Electricity,EGAT,1374
2010,AUG,Electricity,IPP,902
2010,AUG,Electricity,SPP,437
2010,AUG,GSP,GSP,745
2010,AUG,Industry,Industry,492
2010,AUG,NGV,NGV,181
2010,SEP,Electricity,EGAT,1403
2010,SEP,Electricity,IPP,955
2010,SEP,Electricity,SPP,454
2010,SEP,GSP,GSP,749
2010,SEP,Industry,Industry,506
2010,SEP,NGV,NGV,190
2010,OCT,Electricity,EGAT,1419
2010,OCT,Electricity,IPP,893
2010,OCT,Electricity,SPP,464
2010,OCT,GSP,GSP,837
2010,OCT,Industry,Industry,472
2010,OCT,NGV,NGV,193
2010,NOV,Electricity,EGAT,1427
2010,NOV,Electricity,IPP,826
2010,NOV,Electricity,SPP,445
2010,NOV,GSP,GSP,682
2010,NOV,Industry,Industry,491
2010,NOV,NGV,NGV,204
2010,DEC,Electricity,EGAT,1331
2010,DEC,Electricity,IPP,847
2010,DEC,Electricity,SPP,434
2010,DEC,GSP,GSP,767
2010,DEC,Industry,Industry,498
2010,DEC,NGV,NGV,210
2011,JAN,Electricity,EGAT,1176
2011,JAN,Electricity,IPP,697
2011,JAN,Electricity,SPP,466
2011,JAN,GSP,GSP,859
2011,JAN,Industry,Industry,485
2011,JAN,NGV,NGV,207
2011,FEB,Electricity,EGAT,1341
2011,FEB,Electricity,IPP,752
2011,FEB,Electricity,SPP,471
2011,FEB,GSP,GSP,840
2011,FEB,Industry,Industry,501
2011,FEB,NGV,NGV,230
2011,MAR,Electricity,EGAT,1202
2011,MAR,Electricity,IPP,893
2011,MAR,Electricity,SPP,486
2011,MAR,GSP,GSP,972
2011,MAR,Industry,Industry,576
2011,MAR,NGV,NGV,231
2011,APR,Electricity,EGAT,1089
2011,APR,Electricity,IPP,911
2011,APR,Electricity,SPP,468
2011,APR,GSP,GSP,932
2011,APR,Industry,Industry,562
2011,APR,NGV,NGV,215
2011,MAY,Electricity,EGAT,1239
2011,MAY,Electricity,IPP,980
2011,MAY,Electricity,SPP,478
2011,MAY,GSP,GSP,897
2011,MAY,Industry,Industry,570
2011,MAY,NGV,NGV,238
2011,JUN,Electricity,EGAT,1171
2011,JUN,Electricity,IPP,1013
2011,JUN,Electricity,SPP,496
2011,JUN,GSP,GSP,812
2011,JUN,Industry,Industry,605
2011,JUN,NGV,NGV,246
2011,JUL,Electricity,EGAT,1087
2011,JUL,Electricity,IPP,955
2011,JUL,Electricity,SPP,472
2011,JUL,GSP,GSP,756
2011,JUL,Industry,Industry,591
2011,JUL,NGV,NGV,242
2011,AUG,Electricity,EGAT,1154
2011,AUG,Electricity,IPP,1004
2011,AUG,Electricity,SPP,475
2011,AUG,GSP,GSP,784
2011,AUG,Industry,Industry,601
2011,AUG,NGV,NGV,248
2011,SEP,Electricity,EGAT,1113
2011,SEP,Electricity,IPP,888
2011,SEP,Electricity,SPP,477
2011,SEP,GSP,GSP,975
2011,SEP,Industry,Industry,627
2011,SEP,NGV,NGV,248
2011,OCT,Electricity,EGAT,1013
2011,OCT,Electricity,IPP,782
2011,OCT,Electricity,SPP,437
2011,OCT,GSP,GSP,803
2011,OCT,Industry,Industry,581
2011,OCT,NGV,NGV,222
2011,NOV,Electricity,EGAT,1100
2011,NOV,Electricity,IPP,793
2011,NOV,Electricity,SPP,421
2011,NOV,GSP,GSP,871
2011,NOV,Industry,Industry,563
2011,NOV,NGV,NGV,197
2011,DEC,Electricity,EGAT,1099
2011,DEC,Electricity,IPP,715
2011,DEC,Electricity,SPP,402
2011,DEC,GSP,GSP,907
2011,DEC,Industry,Industry,568
2011,DEC,NGV,NGV,243
2012,JAN,Electricity,EGAT,1177
2012,JAN,Electricity,IPP,714
2012,JAN,Electricity,SPP,406
2012,JAN,GSP,GSP,924
2012,JAN,Industry,Industry,584
2012,JAN,NGV,NGV,267
2012,FEB,Electricity,EGAT,1263
2012,FEB,Electricity,IPP,873
2012,FEB,Electricity,SPP,424
2012,FEB,GSP,GSP,730
2012,FEB,Industry,Industry,626
2012,FEB,NGV,NGV,276
2012,MAR,Electricity,EGAT,1386
2012,MAR,Electricity,IPP,915
2012,MAR,Electricity,SPP,412
2012,MAR,GSP,GSP,960
2012,MAR,Industry,Industry,601
2012,MAR,NGV,NGV,279
2012,APR,Electricity,EGAT,1299
2012,APR,Electricity,IPP,729
2012,APR,Electricity,SPP,405
2012,APR,GSP,GSP,933
2012,APR,Industry,Industry,631
2012,APR,NGV,NGV,260
2012,MAY,Electricity,EGAT,1342
2012,MAY,Electricity,IPP,944
2012,MAY,Electricity,SPP,406
2012,MAY,GSP,GSP,949
2012,MAY,Industry,Industry,635
2012,MAY,NGV,NGV,278
2012,JUN,Electricity,EGAT,1386
2012,JUN,Electricity,IPP,1026
2012,JUN,Electricity,SPP,404
2012,JUN,GSP,GSP,979
2012,JUN,Industry,Industry,631
2012,JUN,NGV,NGV,280
2012,JUL,Electricity,EGAT,1466
2012,JUL,Electricity,IPP,958
2012,JUL,Electricity,SPP,398
2012,JUL,GSP,GSP,989
2012,JUL,Industry,Industry,639
2012,JUL,NGV,NGV,271
2012,AUG,Electricity,EGAT,1214
2012,AUG,Electricity,IPP,1009
2012,AUG,Electricity,SPP,410
2012,AUG,GSP,GSP,994
2012,AUG,Industry,Industry,642
2012,AUG,NGV,NGV,283
2012,SEP,Electricity,EGAT,1349
2012,SEP,Electricity,IPP,894
2012,SEP,Electricity,SPP,424
2012,SEP,GSP,GSP,942
2012,SEP,Industry,Industry,655
2012,SEP,NGV,NGV,284
2012,OCT,Electricity,EGAT,1314
2012,OCT,Electricity,IPP,1045
2012,OCT,Electricity,SPP,424
2012,OCT,GSP,GSP,1017
2012,OCT,Industry,Industry,646
2012,OCT,NGV,NGV,285
2012,NOV,Electricity,EGAT,1420
2012,NOV,Electricity,IPP,1042
2012,NOV,Electricity,SPP,458
2012,NOV,GSP,GSP,1034
2012,NOV,Industry,Industry,647
2012,NOV,NGV,NGV,292
2012,DEC,Electricity,EGAT,1339
2012,DEC,Electricity,IPP,915
2012,DEC,Electricity,SPP,456
2012,DEC,GSP,GSP,1035
2012,DEC,Industry,Industry,600
2012,DEC,NGV,NGV,278
2013,JAN,Electricity,EGAT,1231
2013,JAN,Electricity,IPP,792
2013,JAN,Electricity,SPP,481
2013,JAN,GSP,GSP,994
2013,JAN,Industry,Industry,625
2013,JAN,NGV,NGV,290
2013,FEB,Electricity,EGAT,1451
2013,FEB,Electricity,IPP,845
2013,FEB,Electricity,SPP,501
2013,FEB,GSP,GSP,923
2013,FEB,Industry,Industry,626
2013,FEB,NGV,NGV,310
2013,MAR,Electricity,EGAT,1469
2013,MAR,Electricity,IPP,958
2013,MAR,Electricity,SPP,560
2013,MAR,GSP,GSP,1041
2013,MAR,Industry,Industry,624
2013,MAR,NGV,NGV,309
2013,APR,Electricity,EGAT,1267
2013,APR,Electricity,IPP,743
2013,APR,Electricity,SPP,599
2013,APR,GSP,GSP,984
2013,APR,Industry,Industry,615
2013,APR,NGV,NGV,291
2013,MAY,Electricity,EGAT,1375
2013,MAY,Electricity,IPP,956
2013,MAY,Electricity,SPP,586
2013,MAY,GSP,GSP,940
2013,MAY,Industry,Industry,608
2013,MAY,NGV,NGV,314
2013,JUN,Electricity,EGAT,1426
2013,JUN,Electricity,IPP,851
2013,JUN,Electricity,SPP,594
2013,JUN,GSP,GSP,932
2013,JUN,Industry,Industry,601
2013,JUN,NGV,NGV,310
2013,JUL,Electricity,EGAT,1245
2013,JUL,Electricity,IPP,822
2013,JUL,Electricity,SPP,610
2013,JUL,GSP,GSP,1005
2013,JUL,Industry,Industry,675
2013,JUL,NGV,NGV,307
2013,AUG,Electricity,EGAT,1073
2013,AUG,Electricity,IPP,912
2013,AUG,Electricity,SPP,616
2013,AUG,GSP,GSP,814
2013,AUG,Industry,Industry,642
2013,AUG,NGV,NGV,317
2013,SEP,Electricity,EGAT,1075
2013,SEP,Electricity,IPP,898
2013,SEP,Electricity,SPP,647
2013,SEP,GSP,GSP,789
2013,SEP,Industry,Industry,668
2013,SEP,NGV,NGV,310
2013,OCT,Electricity,EGAT,1005
2013,OCT,Electricity,IPP,994
2013,OCT,Electricity,SPP,645
2013,OCT,GSP,GSP,911
2013,OCT,Industry,Industry,661
2013,OCT,NGV,NGV,309
2013,NOV,Electricity,EGAT,1135
2013,NOV,Electricity,IPP,973
2013,NOV,Electricity,SPP,659
2013,NOV,GSP,GSP,925
2013,NOV,Industry,Industry,640
2013,NOV,NGV,NGV,314
2013,DEC,Electricity,EGAT,1021
2013,DEC,Electricity,IPP,722
2013,DEC,Electricity,SPP,619
2013,DEC,GSP,GSP,898
2013,DEC,Industry,Industry,638
2013,DEC,NGV,NGV,303
2014,JAN,Electricity,EGAT,1158
2014,JAN,Electricity,IPP,407
2014,JAN,Electricity,SPP,663
2014,JAN,GSP,GSP,904
2014,JAN,Industry,Industry,639
2014,JAN,NGV,NGV,304
2014,FEB,Electricity,EGAT,1245
2014,FEB,Electricity,IPP,681
2014,FEB,Electricity,SPP,689
2014,FEB,GSP,GSP,940
2014,FEB,Industry,Industry,658
2014,FEB,NGV,NGV,326
2014,MAR,Electricity,EGAT,1377
2014,MAR,Electricity,IPP,748
2014,MAR,Electricity,SPP,722
2014,MAR,GSP,GSP,890
2014,MAR,Industry,Industry,601
2014,MAR,NGV,NGV,327
2014,APR,Electricity,EGAT,1288
2014,APR,Electricity,IPP,739
2014,APR,Electricity,SPP,698
2014,APR,GSP,GSP,942
2014,APR,Industry,Industry,629
2014,APR,NGV,NGV,302
2014,MAY,Electricity,EGAT,1415
2014,MAY,Electricity,IPP,868
2014,MAY,Electricity,SPP,699
2014,MAY,GSP,GSP,950
2014,MAY,Industry,Industry,627
2014,MAY,NGV,NGV,318
2014,JUN,Electricity,EGAT,1300
2014,JUN,Electricity,IPP,870
2014,JUN,Electricity,SPP,676
2014,JUN,GSP,GSP,953
2014,JUN,Industry,Industry,645
2014,JUN,NGV,NGV,317
2014,JUL,Electricity,EGAT,1259
2014,JUL,Electricity,IPP,802
2014,JUL,Electricity,SPP,655
2014,JUL,GSP,GSP,907
2014,JUL,Industry,Industry,668
2014,JUL,NGV,NGV,319
2014,AUG,Electricity,EGAT,1127
2014,AUG,Electricity,IPP,975
2014,AUG,Electricity,SPP,656
2014,AUG,GSP,GSP,976
2014,AUG,Industry,Industry,685
2014,AUG,NGV,NGV,319
2014,SEP,Electricity,EGAT,1110
2014,SEP,Electricity,IPP,1024
2014,SEP,Electricity,SPP,665
2014,SEP,GSP,GSP,954
2014,SEP,Industry,Industry,717
2014,SEP,NGV,NGV,320
2014,OCT,Electricity,EGAT,1140
2014,OCT,Electricity,IPP,1045
2014,OCT,Electricity,SPP,687
2014,OCT,GSP,GSP,1038
2014,OCT,Industry,Industry,686
2014,OCT,NGV,NGV,316
2014,NOV,Electricity,EGAT,1106
2014,NOV,Electricity,IPP,1079
2014,NOV,Electricity,SPP,689
2014,NOV,GSP,GSP,1029
2014,NOV,Industry,Industry,662
2014,NOV,NGV,NGV,318
2014,DEC,Electricity,EGAT,968
2014,DEC,Electricity,IPP,979
2014,DEC,Electricity,SPP,662
2014,DEC,GSP,GSP,1034
2014,DEC,Industry,Industry,617
2014,DEC,NGV,NGV,313
2015,JAN,Electricity,EGAT,1016
2015,JAN,Electricity,IPP,918
2015,JAN,Electricity,SPP,660
2015,JAN,GSP,GSP,1007
2015,JAN,Industry,Industry,617
2015,JAN,NGV,NGV,304
2015,FEB,Electricity,EGAT,1067
2015,FEB,Electricity,IPP,1049
2015,FEB,Electricity,SPP,706
2015,FEB,GSP,GSP,958
2015,FEB,Industry,Industry,674
2015,FEB,NGV,NGV,319
2015,MAR,Electricity,EGAT,1302
2015,MAR,Electricity,IPP,1069
2015,MAR,Electricity,SPP,727
2015,MAR,GSP,GSP,986
2015,MAR,Industry,Industry,700
2015,MAR,NGV,NGV,329
2015,APR,Electricity,EGAT,1293
2015,APR,Electricity,IPP,698
2015,APR,Electricity,SPP,686
2015,APR,GSP,GSP,911
2015,APR,Industry,Industry,679
2015,APR,NGV,NGV,299
2015,MAY,Electricity,EGAT,1331
2015,MAY,Electricity,IPP,1023
2015,MAY,Electricity,SPP,746
2015,MAY,GSP,GSP,874
2015,MAY,Industry,Industry,674
2015,MAY,NGV,NGV,316
2015,JUN,Electricity,EGAT,1272
2015,JUN,Electricity,IPP,1066
2015,JUN,Electricity,SPP,748
2015,JUN,GSP,GSP,923
2015,JUN,Industry,Industry,708
2015,JUN,NGV,NGV,312
2015,JUL,Electricity,EGAT,1102
2015,JUL,Electricity,IPP,1207
2015,JUL,Electricity,SPP,745
2015,JUL,GSP,GSP,850
2015,JUL,Industry,Industry,646
2015,JUL,NGV,NGV,311
2015,AUG,Electricity,EGAT,1030
2015,AUG,Electricity,IPP,1024
2015,AUG,Electricity,SPP,724
2015,AUG,GSP,GSP,868
2015,AUG,Industry,Industry,559
2015,AUG,NGV,NGV,298
2015,SEP,Electricity,EGAT,1112
2015,SEP,Electricity,IPP,988
2015,SEP,Electricity,SPP,739
2015,SEP,GSP,GSP,1004
2015,SEP,Industry,Industry,651
2015,SEP,NGV,NGV,291
2015,OCT,Electricity,EGAT,1058
2015,OCT,Electricity,IPP,969
2015,OCT,Electricity,SPP,691
2015,OCT,GSP,GSP,996
2015,OCT,Industry,Industry,615
2015,OCT,NGV,NGV,284
2015,NOV,Electricity,EGAT,1136
2015,NOV,Electricity,IPP,1030
2015,NOV,Electricity,SPP,715
2015,NOV,GSP,GSP,1032
2015,NOV,Industry,Industry,649
2015,NOV,NGV,NGV,293
2015,DEC,Electricity,EGAT,1039
2015,DEC,Electricity,IPP,916
2015,DEC,Electricity,SPP,698
2015,DEC,GSP,GSP,997
2015,DEC,Industry,Industry,645
2015,DEC,NGV,NGV,291
2016,JAN,Electricity,EGAT,1027
2016,JAN,Electricity,IPP,866
2016,JAN,Electricity,SPP,770
2016,JAN,GSP,GSP,988
2016,JAN,Industry,Industry,633
2016,JAN,NGV,NGV,282
2016,FEB,Electricity,EGAT,1023
2016,FEB,Electricity,IPP,841
2016,FEB,Electricity,SPP,788
2016,FEB,GSP,GSP,916
2016,FEB,Industry,Industry,683
2016,FEB,NGV,NGV,296
2016,MAR,Electricity,EGAT,1176
2016,MAR,Electricity,IPP,973
2016,MAR,Electricity,SPP,815
2016,MAR,GSP,GSP,749
2016,MAR,Industry,Industry,679
2016,MAR,NGV,NGV,304
2016,APR,Electricity,EGAT,1097
2016,APR,Electricity,IPP,1110
2016,APR,Electricity,SPP,812
2016,APR,GSP,GSP,949
2016,APR,Industry,Industry,684
2016,APR,NGV,NGV,274
2016,MAY,Electricity,EGAT,1107
2016,MAY,Electricity,IPP,1140
2016,MAY,Electricity,SPP,840
2016,MAY,GSP,GSP,830
2016,MAY,Industry,Industry,704
2016,MAY,NGV,NGV,287
2016,JUN,Electricity,EGAT,1044
2016,JUN,Electricity,IPP,991
2016,JUN,Electricity,SPP,877
2016,JUN,GSP,GSP,866
2016,JUN,Industry,Industry,700
2016,JUN,NGV,NGV,278
2016,JUL,Electricity,EGAT,882
2016,JUL,Electricity,IPP,991
2016,JUL,Electricity,SPP,881
2016,JUL,GSP,GSP,1004
2016,JUL,Industry,Industry,697
2016,JUL,NGV,NGV,267
2016,AUG,Electricity,EGAT,844
2016,AUG,Electricity,IPP,980
2016,AUG,Electricity,SPP,879
2016,AUG,GSP,GSP,995
2016,AUG,Industry,Industry,714
2016,AUG,NGV,NGV,271
2016,SEP,Electricity,EGAT,906
2016,SEP,Electricity,IPP,1030
2016,SEP,Electricity,SPP,899
2016,SEP,GSP,GSP,1000
2016,SEP,Industry,Industry,727
2016,SEP,NGV,NGV,267
2016,OCT,Electricity,EGAT,904
2016,OCT,Electricity,IPP,1022
2016,OCT,Electricity,SPP,902
2016,OCT,GSP,GSP,1036
2016,OCT,Industry,Industry,687
2016,OCT,NGV,NGV,263
2016,NOV,Electricity,EGAT,872
2016,NOV,Electricity,IPP,811
2016,NOV,Electricity,SPP,901
2016,NOV,GSP,GSP,1041
2016,NOV,Industry,Industry,737
2016,NOV,NGV,NGV,265
2016,DEC,Electricity,EGAT,858
2016,DEC,Electricity,IPP,785
2016,DEC,Electricity,SPP,872
2016,DEC,GSP,GSP,1007
2016,DEC,Industry,Industry,687
2016,DEC,NGV,NGV,282
2017,JAN,Electricity,EGAT,807
2017,JAN,Electricity,IPP,880
2017,JAN,Electricity,SPP,929
2017,JAN,GSP,GSP,996
2017,JAN,Industry,Industry,679
2017,JAN,NGV,NGV,243
2017,FEB,Electricity,EGAT,816
2017,FEB,Electricity,IPP,891
2017,FEB,Electricity,SPP,957
2017,FEB,GSP,GSP,1027
2017,FEB,Industry,Industry,713
2017,FEB,NGV,NGV,258
2017,MAR,Electricity,EGAT,905
2017,MAR,Electricity,IPP,963
2017,MAR,Electricity,SPP,984
2017,MAR,GSP,GSP,1005
2017,MAR,Industry,Industry,716
2017,MAR,NGV,NGV,264
2017,APR,Electricity,EGAT,865
2017,APR,Electricity,IPP,821
2017,APR,Electricity,SPP,933
2017,APR,GSP,GSP,966
2017,APR,Industry,Industry,697
2017,APR,NGV,NGV,231
2017,MAY,Electricity,EGAT,779
2017,MAY,Electricity,IPP,1036
2017,MAY,Electricity,SPP,985
2017,MAY,GSP,GSP,1025
2017,MAY,Industry,Industry,748
2017,MAY,NGV,NGV,246
2017,JUN,Electricity,EGAT,752
2017,JUN,Electricity,IPP,997
2017,JUN,Electricity,SPP,1040
2017,JUN,GSP,GSP,1026
2017,JUN,Industry,Industry,719
2017,JUN,NGV,NGV,244
2017,JUL,Electricity,EGAT,686
2017,JUL,Electricity,IPP,888
2017,JUL,Electricity,SPP,1012
2017,JUL,GSP,GSP,837
2017,JUL,Industry,Industry,714
2017,JUL,NGV,NGV,239
2017,AUG,Electricity,EGAT,763
2017,AUG,Electricity,IPP,1032
2017,AUG,Electricity,SPP,1049
2017,AUG,GSP,GSP,1030
2017,AUG,Industry,Industry,733
2017,AUG,NGV,NGV,244
2017,SEP,Electricity,EGAT,817
2017,SEP,Electricity,IPP,996
2017,SEP,Electricity,SPP,1086
2017,SEP,GSP,GSP,927
2017,SEP,Industry,Industry,742
2017,SEP,NGV,NGV,243
2017,OCT,Electricity,EGAT,690
2017,OCT,Electricity,IPP,978
2017,OCT,Electricity,SPP,1098
2017,OCT,GSP,GSP,1029
2017,OCT,Industry,Industry,751
2017,OCT,NGV,NGV,227
2017,NOV,Electricity,EGAT,637
2017,NOV,Electricity,IPP,1007
2017,NOV,Electricity,SPP,1146
2017,NOV,GSP,GSP,1061
2017,NOV,Industry,Industry,747
2017,NOV,NGV,NGV,241
2017,DEC,Electricity,EGAT,585
2017,DEC,Electricity,IPP,719
2017,DEC,Electricity,SPP,1106
2017,DEC,GSP,GSP,1018
2017,DEC,Industry,Industry,730
2017,DEC,NGV,NGV,233
2018,JAN,Electricity,EGAT,599
2018,JAN,Electricity,IPP,694
2018,JAN,Electricity,SPP,1134
2018,JAN,GSP,GSP,1045
2018,JAN,Industry,Industry,749
2018,JAN,NGV,NGV,225
2018,FEB,Electricity,EGAT,602
2018,FEB,Electricity,IPP,770
2018,FEB,Electricity,SPP,1164
2018,FEB,GSP,GSP,1010
2018,FEB,Industry,Industry,768
2018,FEB,NGV,NGV,238
2018,MAR,Electricity,EGAT,740
2018,MAR,Electricity,IPP,859
2018,MAR,Electricity,SPP,1217
2018,MAR,GSP,GSP,1012
2018,MAR,Industry,Industry,749
2018,MAR,NGV,NGV,238
2018,APR,Electricity,EGAT,732
2018,APR,Electricity,IPP,733
2018,APR,Electricity,SPP,1169
2018,APR,GSP,GSP,1051
2018,APR,Industry,Industry,766
2018,APR,NGV,NGV,208
2018,MAY,Electricity,EGAT,795
2018,MAY,Electricity,IPP,787
2018,MAY,Electricity,SPP,1236
2018,MAY,GSP,GSP,1045
2018,MAY,Industry,Industry,755
2018,MAY,NGV,NGV,225
2018,JUN,Electricity,EGAT,845
2018,JUN,Electricity,IPP,775
2018,JUN,Electricity,SPP,1228
2018,JUN,GSP,GSP,1048
2018,JUN,Industry,Industry,771
2018,JUN,NGV,NGV,226
2018,JUL,Electricity,EGAT,778
2018,JUL,Electricity,IPP,692
2018,JUL,Electricity,SPP,1210
2018,JUL,GSP,GSP,1052
2018,JUL,Industry,Industry,771
2018,JUL,NGV,NGV,215
2018,AUG,Electricity,EGAT,659
2018,AUG,Electricity,IPP,750
2018,AUG,Electricity,SPP,1224
2018,AUG,GSP,GSP,1033
2018,AUG,Industry,Industry,777
2018,AUG,NGV,NGV,220
2018,SEP,Electricity,EGAT,672
2018,SEP,Electricity,IPP,758
2018,SEP,Electricity,SPP,1241
2018,SEP,GSP,GSP,912
2018,SEP,Industry,Industry,739
2018,SEP,NGV,NGV,212
2018,OCT,Electricity,EGAT,819
2018,OCT,Electricity,IPP,727
2018,OCT,Electricity,SPP,1207
2018,OCT,GSP,GSP,973
2018,OCT,Industry,Industry,776
2018,OCT,NGV,NGV,209
2018,NOV,Electricity,EGAT,842
2018,NOV,Electricity,IPP,742
2018,NOV,Electricity,SPP,1245
2018,NOV,GSP,GSP,1001
2018,NOV,Industry,Industry,785
2018,NOV,NGV,NGV,215
2018,DEC,Electricity,EGAT,645
2018,DEC,Electricity,IPP,585
2018,DEC,Electricity,SPP,1191
2018,DEC,GSP,GSP,987
2018,DEC,Industry,Industry,736
2018,DEC,NGV,NGV,205
